order_id,product_type,quantity,process_time_hours,due_days,priority,available_hours,workload_ratio,is_high_risk
ORD-0001,Part_C,145,8,17,2,136,0.058823529411764705,0
ORD-0002,Part_A,949,2,24,2,192,0.010416666666666666,0
ORD-0003,Part_C,783,8,25,2,200,0.04,0
ORD-0004,Part_C,534,1,4,3,32,0.03125,0
ORD-0005,Part_A,456,4,29,2,232,0.017241379310344827,0
ORD-0006,Part_A,280,4,12,1,96,0.041666666666666664,0
ORD-0007,Part_C,798,1,4,1,32,0.03125,0
ORD-0008,Part_B,704,2,28,2,224,0.008928571428571428,0
ORD-0009,Part_C,220,1,19,1,152,0.006578947368421052,0
ORD-0010,Part_C,590,8,10,2,80,0.1,0
ORD-0011,Part_C,85,6,3,3,24,0.25,0
ORD-0012,Part_C,574,4,11,2,88,0.045454545454545456,0
ORD-0013,Part_A,209,5,13,2,104,0.04807692307692308,0
ORD-0014,Part_C,888,5,24,2,192,0.026041666666666668,0
ORD-0015,Part_B,748,8,18,2,144,0.05555555555555555,0
ORD-0016,Part_A,292,3,9,2,72,0.041666666666666664,0
ORD-0017,Part_B,135,7,12,3,96,0.07291666666666667,0
ORD-0018,Part_B,845,1,25,2,200,0.005,0
ORD-0019,Part_B,627,1,28,3,224,0.004464285714285714,0
ORD-0020,Part_B,731,3,5,3,40,0.075,0
ORD-0021,Part_A,606,3,20,1,160,0.01875,0
ORD-0022,Part_A,623,8,27,1,216,0.037037037037037035,0
ORD-0023,Part_B,695,8,26,1,208,0.038461538461538464,0
ORD-0024,Part_B,845,3,15,1,120,0.025,0
ORD-0025,Part_A,77,4,30,1,240,0.016666666666666666,0
ORD-0026,Part_A,669,8,28,2,224,0.03571428571428571,0
ORD-0027,Part_A,605,6,9,1,72,0.08333333333333333,0
ORD-0028,Part_C,389,8,27,2,216,0.037037037037037035,0
ORD-0029,Part_C,847,1,6,3,48,0.020833333333333332,0
ORD-0030,Part_C,380,8,15,1,120,0.06666666666666667,0
ORD-0031,Part_B,689,4,22,3,176,0.022727272727272728,0
ORD-0032,Part_C,555,3,3,2,24,0.125,0
ORD-0033,Part_B,397,1,10,1,80,0.0125,0
ORD-0034,Part_B,522,8,16,2,128,0.0625,0
ORD-0035,Part_C,280,4,18,2,144,0.027777777777777776,0
ORD-0036,Part_B,239,6,16,3,128,0.046875,0
ORD-0037,Part_C,274,8,14,3,112,0.07142857142857142,0
ORD-0038,Part_C,434,4,21,3,168,0.023809523809523808,0
ORD-0039,Part_A,426,6,25,2,200,0.03,0
ORD-0040,Part_C,332,3,17,1,136,0.022058823529411766,0
ORD-0041,Part_A,682,8,30,3,240,0.03333333333333333,0
ORD-0042,Part_C,677,6,4,3,32,0.1875,0
ORD-0043,Part_C,794,1,4,3,32,0.03125,0
ORD-0044,Part_A,308,3,25,2,200,0.015,0
ORD-0045,Part_A,408,1,24,2,192,0.005208333333333333,0
ORD-0046,Part_C,759,5,21,3,168,0.02976190476190476,0
ORD-0047,Part_B,505,2,27,2,216,0.009259259259259259,0
ORD-0048,Part_A,460,8,28,3,224,0.03571428571428571,0
ORD-0049,Part_B,698,6,24,3,192,0.03125,0
ORD-0050,Part_B,367,2,28,2,224,0.008928571428571428,0
ORD-0051,Part_B,726,2,28,3,224,0.008928571428571428,0
ORD-0052,Part_A,274,6,24,3,192,0.03125,0
ORD-0053,Part_B,868,3,19,1,152,0.019736842105263157,0
ORD-0054,Part_A,283,8,22,3,176,0.045454545454545456,0
ORD-0055,Part_B,733,5,12,2,96,0.052083333333333336,0
ORD-0056,Part_C,713,1,8,3,64,0.015625,0
ORD-0057,Part_C,876,4,17,2,136,0.029411764705882353,0
ORD-0058,Part_A,423,1,24,3,192,0.005208333333333333,0
ORD-0059,Part_C,721,4,13,2,104,0.038461538461538464,0
ORD-0060,Part_C,657,1,30,1,240,0.004166666666666667,0
ORD-0061,Part_B,521,6,7,3,56,0.10714285714285714,0
ORD-0062,Part_A,282,5,3,1,24,0.20833333333333334,1
ORD-0063,Part_B,741,8,10,2,80,0.1,0
ORD-0064,Part_B,162,4,23,3,184,0.021739130434782608,0
ORD-0065,Part_B,879,8,30,3,240,0.03333333333333333,0
ORD-0066,Part_B,546,8,14,2,112,0.07142857142857142,0
ORD-0067,Part_B,491,8,14,2,112,0.07142857142857142,0
ORD-0068,Part_B,613,7,7,2,56,0.125,0
ORD-0069,Part_B,317,3,9,2,72,0.041666666666666664,0
ORD-0070,Part_A,559,1,6,2,48,0.020833333333333332,0
ORD-0071,Part_C,856,8,8,2,64,0.125,0
ORD-0072,Part_B,435,1,15,3,120,0.008333333333333333,0
ORD-0073,Part_B,436,8,22,3,176,0.045454545454545456,0
ORD-0074,Part_B,162,4,17,3,136,0.029411764705882353,0
ORD-0075,Part_B,662,3,5,1,40,0.075,0
ORD-0076,Part_B,674,3,25,2,200,0.015,0
ORD-0077,Part_B,130,6,10,1,80,0.075,0
ORD-0078,Part_C,748,7,22,2,176,0.03977272727272727,0
ORD-0079,Part_C,162,6,18,2,144,0.041666666666666664,0
ORD-0080,Part_B,51,6,15,3,120,0.05,0
ORD-0081,Part_C,691,6,20,2,160,0.0375,0
ORD-0082,Part_A,269,6,30,1,240,0.025,0
ORD-0083,Part_B,615,6,12,1,96,0.0625,0
ORD-0084,Part_A,904,5,21,3,168,0.02976190476190476,0
ORD-0085,Part_A,785,3,19,2,152,0.019736842105263157,0
ORD-0086,Part_B,274,6,26,1,208,0.028846153846153848,0
ORD-0087,Part_C,434,8,21,1,168,0.047619047619047616,0
ORD-0088,Part_A,452,3,30,3,240,0.0125,0
ORD-0089,Part_B,687,3,28,1,224,0.013392857142857142,0
ORD-0090,Part_A,179,2,25,3,200,0.01,0
ORD-0091,Part_A,102,5,28,3,224,0.022321428571428572,0
ORD-0092,Part_A,733,6,7,1,56,0.10714285714285714,0
ORD-0093,Part_A,779,1,28,1,224,0.004464285714285714,0
ORD-0094,Part_C,721,4,23,3,184,0.021739130434782608,0
ORD-0095,Part_A,759,7,25,2,200,0.035,0
ORD-0096,Part_A,465,8,11,2,88,0.09090909090909091,0
ORD-0097,Part_A,296,1,14,3,112,0.008928571428571428,0
ORD-0098,Part_C,885,5,23,3,184,0.02717391304347826,0
ORD-0099,Part_A,488,4,3,3,24,0.16666666666666666,0
ORD-0100,Part_A,252,5,28,3,224,0.022321428571428572,0
ORD-0101,Part_C,233,8,28,2,224,0.03571428571428571,0
ORD-0102,Part_C,172,3,3,1,24,0.125,1
ORD-0103,Part_C,450,4,17,3,136,0.029411764705882353,0
ORD-0104,Part_A,816,3,4,2,32,0.09375,0
ORD-0105,Part_C,343,8,24,2,192,0.041666666666666664,0
ORD-0106,Part_C,329,1,18,3,144,0.006944444444444444,0
ORD-0107,Part_A,886,8,27,1,216,0.037037037037037035,0
ORD-0108,Part_C,933,1,10,2,80,0.0125,0
ORD-0109,Part_A,659,4,15,1,120,0.03333333333333333,0
ORD-0110,Part_B,247,4,23,2,184,0.021739130434782608,0
ORD-0111,Part_C,956,6,3,1,24,0.25,1
ORD-0112,Part_B,560,5,18,1,144,0.034722222222222224,0
ORD-0113,Part_A,801,6,9,1,72,0.08333333333333333,0
ORD-0114,Part_C,193,5,7,2,56,0.08928571428571429,0
ORD-0115,Part_A,658,6,24,3,192,0.03125,0
ORD-0116,Part_B,250,3,25,2,200,0.015,0
ORD-0117,Part_A,173,4,5,3,40,0.1,0
ORD-0118,Part_C,236,1,14,2,112,0.008928571428571428,0
ORD-0119,Part_C,375,5,28,2,224,0.022321428571428572,0
ORD-0120,Part_B,513,8,18,3,144,0.05555555555555555,0
ORD-0121,Part_A,398,5,21,2,168,0.02976190476190476,0
ORD-0122,Part_C,820,1,7,3,56,0.017857142857142856,0
ORD-0123,Part_B,709,6,24,1,192,0.03125,0
ORD-0124,Part_C,813,5,27,3,216,0.023148148148148147,0
ORD-0125,Part_C,981,7,16,1,128,0.0546875,0
ORD-0126,Part_A,452,3,30,3,240,0.0125,0
ORD-0127,Part_C,395,4,7,2,56,0.07142857142857142,0
ORD-0128,Part_A,560,1,17,3,136,0.007352941176470588,0
ORD-0129,Part_C,196,4,19,1,152,0.02631578947368421,0
ORD-0130,Part_B,197,7,16,2,128,0.0546875,0
ORD-0131,Part_C,913,5,22,3,176,0.028409090909090908,0
ORD-0132,Part_A,760,5,7,2,56,0.08928571428571429,0
ORD-0133,Part_A,869,8,14,2,112,0.07142857142857142,0
ORD-0134,Part_B,538,7,18,2,144,0.04861111111111111,0
ORD-0135,Part_C,978,1,28,2,224,0.004464285714285714,0
ORD-0136,Part_C,985,8,28,2,224,0.03571428571428571,0
ORD-0137,Part_B,689,3,18,2,144,0.020833333333333332,0
ORD-0138,Part_C,600,8,23,3,184,0.043478260869565216,0
ORD-0139,Part_C,387,2,9,1,72,0.027777777777777776,0
ORD-0140,Part_A,921,1,6,2,48,0.020833333333333332,0
ORD-0141,Part_C,690,2,3,3,24,0.08333333333333333,0
ORD-0142,Part_C,828,7,7,3,56,0.125,0
ORD-0143,Part_B,522,6,25,2,200,0.03,0
ORD-0144,Part_B,995,2,28,2,224,0.008928571428571428,0
ORD-0145,Part_A,200,3,12,2,96,0.03125,0
ORD-0146,Part_C,464,8,24,1,192,0.041666666666666664,0
ORD-0147,Part_C,347,6,7,2,56,0.10714285714285714,0
ORD-0148,Part_C,660,8,6,2,48,0.16666666666666666,0
ORD-0149,Part_A,312,2,4,2,32,0.0625,0
ORD-0150,Part_A,813,8,22,1,176,0.045454545454545456,0
