order_id,product_type,assigned_machine,start_hour,end_hour,process_time_hours,due_days,due_hour,priority,is_high_risk,is_late
ORD-0102,Part_C,Machine_A,0.0,3.0,3,3,24,1,1,0
ORD-0062,Part_A,Machine_B,0.0,5.0,5,3,24,1,1,0
ORD-0111,Part_C,Machine_C,0.0,6.0,6,3,24,1,1,0
ORD-0032,Part_C,Machine_A,3.0,6.0,3,3,24,2,0,0
ORD-0141,Part_C,Machine_B,5.0,7.0,2,3,24,3,0,0
ORD-0099,Part_A,Machine_A,6.0,10.0,4,3,24,3,0,0
ORD-0011,Part_C,Machine_C,6.0,12.0,6,3,24,3,0,0
ORD-0007,Part_C,Machine_B,7.0,8.0,1,4,32,1,0,0
ORD-0149,Part_A,Machine_B,8.0,10.0,2,4,32,2,0,0
ORD-0104,Part_A,Machine_A,10.0,13.0,3,4,32,2,0,0
ORD-0004,Part_C,Machine_B,10.0,11.0,1,4,32,3,0,0
ORD-0043,Part_C,Machine_B,11.0,12.0,1,4,32,3,0,0
ORD-0042,Part_C,Machine_B,12.0,18.0,6,4,32,3,0,0
ORD-0075,Part_B,Machine_C,12.0,15.0,3,5,40,1,0,0
ORD-0020,Part_B,Machine_A,13.0,16.0,3,5,40,3,0,0
ORD-0117,Part_A,Machine_C,15.0,19.0,4,5,40,3,0,0
ORD-0070,Part_A,Machine_A,16.0,17.0,1,6,48,2,0,0
ORD-0140,Part_A,Machine_A,17.0,18.0,1,6,48,2,0,0
ORD-0148,Part_C,Machine_A,18.0,26.0,8,6,48,2,0,0
ORD-0029,Part_C,Machine_B,18.0,19.0,1,6,48,3,0,0
ORD-0092,Part_A,Machine_B,19.0,25.0,6,7,56,1,0,0
ORD-0127,Part_C,Machine_C,19.0,23.0,4,7,56,2,0,0
ORD-0114,Part_C,Machine_C,23.0,28.0,5,7,56,2,0,0
ORD-0132,Part_A,Machine_B,25.0,30.0,5,7,56,2,0,0
ORD-0147,Part_C,Machine_A,26.0,32.0,6,7,56,2,0,0
ORD-0068,Part_B,Machine_C,28.0,35.0,7,7,56,2,0,0
ORD-0122,Part_C,Machine_B,30.0,31.0,1,7,56,3,0,0
ORD-0061,Part_B,Machine_B,31.0,37.0,6,7,56,3,0,0
ORD-0142,Part_C,Machine_A,32.0,39.0,7,7,56,3,0,0
ORD-0071,Part_C,Machine_C,35.0,43.0,8,8,64,2,0,0
ORD-0056,Part_C,Machine_B,37.0,38.0,1,8,64,3,0,0
ORD-0139,Part_C,Machine_B,38.0,40.0,2,9,72,1,0,0
ORD-0027,Part_A,Machine_A,39.0,45.0,6,9,72,1,0,0
ORD-0113,Part_A,Machine_B,40.0,46.0,6,9,72,1,0,0
ORD-0016,Part_A,Machine_C,43.0,46.0,3,9,72,2,0,0
ORD-0069,Part_B,Machine_A,45.0,48.0,3,9,72,2,0,0
ORD-0033,Part_B,Machine_B,46.0,47.0,1,10,80,1,0,0
ORD-0077,Part_B,Machine_C,46.0,52.0,6,10,80,1,0,0
ORD-0108,Part_C,Machine_B,47.0,48.0,1,10,80,2,0,0
ORD-0010,Part_C,Machine_A,48.0,56.0,8,10,80,2,0,0
ORD-0063,Part_B,Machine_B,48.0,56.0,8,10,80,2,0,0
ORD-0012,Part_C,Machine_C,52.0,56.0,4,11,88,2,0,0
ORD-0096,Part_A,Machine_A,56.0,64.0,8,11,88,2,0,0
ORD-0006,Part_A,Machine_B,56.0,60.0,4,12,96,1,0,0
ORD-0083,Part_B,Machine_C,56.0,62.0,6,12,96,1,0,0
ORD-0145,Part_A,Machine_B,60.0,63.0,3,12,96,2,0,0
ORD-0055,Part_B,Machine_C,62.0,67.0,5,12,96,2,0,0
ORD-0017,Part_B,Machine_B,63.0,70.0,7,12,96,3,0,0
ORD-0059,Part_C,Machine_A,64.0,68.0,4,13,104,2,0,0
ORD-0013,Part_A,Machine_C,67.0,72.0,5,13,104,2,0,0
ORD-0118,Part_C,Machine_A,68.0,69.0,1,14,112,2,0,0
ORD-0066,Part_B,Machine_A,69.0,77.0,8,14,112,2,0,0
ORD-0067,Part_B,Machine_B,70.0,78.0,8,14,112,2,0,0
ORD-0133,Part_A,Machine_C,72.0,80.0,8,14,112,2,0,0
ORD-0097,Part_A,Machine_A,77.0,78.0,1,14,112,3,0,0
ORD-0037,Part_C,Machine_A,78.0,86.0,8,14,112,3,0,0
ORD-0024,Part_B,Machine_B,78.0,81.0,3,15,120,1,0,0
ORD-0109,Part_A,Machine_C,80.0,84.0,4,15,120,1,0,0
ORD-0030,Part_C,Machine_B,81.0,89.0,8,15,120,1,0,0
ORD-0072,Part_B,Machine_C,84.0,85.0,1,15,120,3,0,0
ORD-0080,Part_B,Machine_C,85.0,91.0,6,15,120,3,0,0
ORD-0125,Part_C,Machine_A,86.0,93.0,7,16,128,1,0,0
ORD-0130,Part_B,Machine_B,89.0,96.0,7,16,128,2,0,0
ORD-0034,Part_B,Machine_C,91.0,99.0,8,16,128,2,0,0
ORD-0036,Part_B,Machine_A,93.0,99.0,6,16,128,3,0,0
ORD-0040,Part_C,Machine_B,96.0,99.0,3,17,136,1,0,0
ORD-0057,Part_C,Machine_A,99.0,103.0,4,17,136,2,0,0
ORD-0001,Part_C,Machine_B,99.0,107.0,8,17,136,2,0,0
ORD-0128,Part_A,Machine_C,99.0,100.0,1,17,136,3,0,0
ORD-0074,Part_B,Machine_C,100.0,104.0,4,17,136,3,0,0
ORD-0103,Part_C,Machine_A,103.0,107.0,4,17,136,3,0,0
ORD-0112,Part_B,Machine_C,104.0,109.0,5,18,144,1,0,0
ORD-0137,Part_B,Machine_A,107.0,110.0,3,18,144,2,0,0
ORD-0035,Part_C,Machine_B,107.0,111.0,4,18,144,2,0,0
ORD-0079,Part_C,Machine_C,109.0,115.0,6,18,144,2,0,0
ORD-0134,Part_B,Machine_A,110.0,117.0,7,18,144,2,0,0
ORD-0015,Part_B,Machine_B,111.0,119.0,8,18,144,2,0,0
ORD-0106,Part_C,Machine_C,115.0,116.0,1,18,144,3,0,0
ORD-0120,Part_B,Machine_C,116.0,124.0,8,18,144,3,0,0
ORD-0009,Part_C,Machine_A,117.0,118.0,1,19,152,1,0,0
ORD-0053,Part_B,Machine_A,118.0,121.0,3,19,152,1,0,0
ORD-0129,Part_C,Machine_B,119.0,123.0,4,19,152,1,0,0
ORD-0085,Part_A,Machine_A,121.0,124.0,3,19,152,2,0,0
ORD-0021,Part_A,Machine_B,123.0,126.0,3,20,160,1,0,0
ORD-0081,Part_C,Machine_A,124.0,130.0,6,20,160,2,0,0
ORD-0087,Part_C,Machine_C,124.0,132.0,8,21,168,1,0,0
ORD-0121,Part_A,Machine_B,126.0,131.0,5,21,168,2,0,0
ORD-0038,Part_C,Machine_A,130.0,134.0,4,21,168,3,0,0
ORD-0046,Part_C,Machine_B,131.0,136.0,5,21,168,3,0,0
ORD-0084,Part_A,Machine_C,132.0,137.0,5,21,168,3,0,0
ORD-0150,Part_A,Machine_A,134.0,142.0,8,22,176,1,0,0
ORD-0078,Part_C,Machine_B,136.0,143.0,7,22,176,2,0,0
ORD-0031,Part_B,Machine_C,137.0,141.0,4,22,176,3,0,0
ORD-0131,Part_C,Machine_C,141.0,146.0,5,22,176,3,0,0
ORD-0054,Part_A,Machine_A,142.0,150.0,8,22,176,3,0,0
ORD-0073,Part_B,Machine_B,143.0,151.0,8,22,176,3,0,0
ORD-0110,Part_B,Machine_C,146.0,150.0,4,23,184,2,0,0
ORD-0064,Part_B,Machine_A,150.0,154.0,4,23,184,3,0,0
ORD-0094,Part_C,Machine_C,150.0,154.0,4,23,184,3,0,0
ORD-0098,Part_C,Machine_B,151.0,156.0,5,23,184,3,0,0
ORD-0138,Part_C,Machine_A,154.0,162.0,8,23,184,3,0,0
ORD-0123,Part_B,Machine_C,154.0,160.0,6,24,192,1,0,0
ORD-0146,Part_C,Machine_B,156.0,164.0,8,24,192,1,0,0
ORD-0045,Part_A,Machine_C,160.0,161.0,1,24,192,2,0,0
ORD-0002,Part_A,Machine_C,161.0,163.0,2,24,192,2,0,0
ORD-0014,Part_C,Machine_A,162.0,167.0,5,24,192,2,0,0
ORD-0105,Part_C,Machine_C,163.0,171.0,8,24,192,2,0,0
ORD-0058,Part_A,Machine_B,164.0,165.0,1,24,192,3,0,0
ORD-0049,Part_B,Machine_B,165.0,171.0,6,24,192,3,0,0
ORD-0052,Part_A,Machine_A,167.0,173.0,6,24,192,3,0,0
ORD-0115,Part_A,Machine_B,171.0,177.0,6,24,192,3,0,0
ORD-0018,Part_B,Machine_C,171.0,172.0,1,25,200,2,0,0
ORD-0044,Part_A,Machine_C,172.0,175.0,3,25,200,2,0,0
ORD-0076,Part_B,Machine_A,173.0,176.0,3,25,200,2,0,0
ORD-0116,Part_B,Machine_C,175.0,178.0,3,25,200,2,0,0
ORD-0039,Part_A,Machine_A,176.0,182.0,6,25,200,2,0,0
ORD-0143,Part_B,Machine_B,177.0,183.0,6,25,200,2,0,0
ORD-0095,Part_A,Machine_C,178.0,185.0,7,25,200,2,0,0
ORD-0003,Part_C,Machine_A,182.0,190.0,8,25,200,2,0,0
ORD-0090,Part_A,Machine_B,183.0,185.0,2,25,200,3,0,0
ORD-0086,Part_B,Machine_B,185.0,191.0,6,26,208,1,0,0
ORD-0023,Part_B,Machine_C,185.0,193.0,8,26,208,1,0,0
ORD-0022,Part_A,Machine_A,190.0,198.0,8,27,216,1,0,0
ORD-0107,Part_A,Machine_B,191.0,199.0,8,27,216,1,0,0
ORD-0047,Part_B,Machine_C,193.0,195.0,2,27,216,2,0,0
ORD-0028,Part_C,Machine_C,195.0,203.0,8,27,216,2,0,0
ORD-0124,Part_C,Machine_A,198.0,203.0,5,27,216,3,0,0
ORD-0093,Part_A,Machine_B,199.0,200.0,1,28,224,1,0,0
ORD-0089,Part_B,Machine_B,200.0,203.0,3,28,224,1,0,0
ORD-0135,Part_C,Machine_A,203.0,204.0,1,28,224,2,0,0
ORD-0008,Part_B,Machine_B,203.0,205.0,2,28,224,2,0,0
ORD-0050,Part_B,Machine_C,203.0,205.0,2,28,224,2,0,0
ORD-0144,Part_B,Machine_A,204.0,206.0,2,28,224,2,0,0
ORD-0119,Part_C,Machine_B,205.0,210.0,5,28,224,2,0,0
ORD-0026,Part_A,Machine_C,205.0,213.0,8,28,224,2,0,0
ORD-0101,Part_C,Machine_A,206.0,214.0,8,28,224,2,0,0
ORD-0136,Part_C,Machine_B,210.0,218.0,8,28,224,2,0,0
ORD-0019,Part_B,Machine_C,213.0,214.0,1,28,224,3,0,0
ORD-0051,Part_B,Machine_A,214.0,216.0,2,28,224,3,0,0
ORD-0091,Part_A,Machine_C,214.0,219.0,5,28,224,3,0,0
ORD-0100,Part_A,Machine_A,216.0,221.0,5,28,224,3,0,0
ORD-0048,Part_A,Machine_B,218.0,226.0,8,28,224,3,0,1
ORD-0005,Part_A,Machine_C,219.0,223.0,4,29,232,2,0,0
ORD-0060,Part_C,Machine_A,221.0,222.0,1,30,240,1,0,0
ORD-0025,Part_A,Machine_A,222.0,226.0,4,30,240,1,0,0
ORD-0082,Part_A,Machine_C,223.0,229.0,6,30,240,1,0,0
ORD-0088,Part_A,Machine_A,226.0,229.0,3,30,240,3,0,0
ORD-0126,Part_A,Machine_B,226.0,229.0,3,30,240,3,0,0
ORD-0041,Part_A,Machine_A,229.0,237.0,8,30,240,3,0,0
ORD-0065,Part_B,Machine_B,229.0,237.0,8,30,240,3,0,0
